2025-11-15_03-19-25,None,draft.py:2025-11-15_03-19-25
2025-11-15_03-21-51,None,draft.py:2025-11-15_03-21-51
2025-11-15_03-33-38,None,draft.py:2025-11-15_03-33-38
2025-11-15_03-40-45,None,draft.py:2025-11-15_03-40-45
2025-11-15_03-40-50,None,draft.py:2025-11-15_03-40-45
2025-11-15_03-47-24,None,draft.py:2025-11-15_03-47-24
2025-11-15_03-47-30,None,draft.py:2025-11-15_03-47-24
2025-11-15_03-47-54,None,draft.py:2025-11-15_03-47-24
2025-11-15_15-00-05,None,draft.py:2025-11-15_15-00-05
2025-11-15_15-00-07,None,draft.py:2025-11-15_15-00-05
2025-11-15_15-00-49,None,draft.py:2025-11-15_15-00-05
2025-11-15_15-01-17,None,draft.py:2025-11-15_15-00-05
2025-11-15_15-02-53,None,draft.py:2025-11-15_15-00-05
2025-11-15_15-03-49,None,draft.py:2025-11-15_15-00-05
2025-11-15_15-06-43,0,draft.py:2025-11-15_15-00-05
2025-11-15_15-07-37,0,draft.py:2025-11-15_15-00-05
2025-11-15_15-07-38,0,draft.py:2025-11-15_15-00-05
2025-11-15_15-08-38,0,draft.py:2025-11-15_15-00-05
2025-11-15_15-12-00,0,draft.py:2025-11-15_15-12-00
2025-11-15_15-12-05,0,draft.py:2025-11-15_15-12-00
2025-11-15_15-12-41,0,draft.py:2025-11-15_15-12-41
2025-11-15_15-14-10,0,draft.py:2025-11-15_15-14-10
2025-11-15_15-17-15,0,draft.py:2025-11-15_15-17-15
2025-11-15_15-21-32,0,draft.py:2025-11-15_15-21-32
2025-11-15_15-22-02,0,draft.py:2025-11-15_15-22-02
2025-11-15_15-23-42,0,draft.py:2025-11-15_15-23-42
2025-11-15_15-30-44,0,draft.py:2025-11-15_15-30-44
2025-11-15_15-30-52,0,draft.py:2025-11-15_15-30-44
2025-11-15_15-34-36,0,draft.py:2025-11-15_15-34-36
2025-11-16_03-17-10,0,draft.py:2025-11-16_03-17-10
2025-11-16_03-18-58,0,draft.py:2025-11-16_03-18-58
2025-11-16_03-21-44,0,draft.py:2025-11-16_03-21-44
2025-11-16_03-23-19,0,draft.py:2025-11-16_03-23-19
2025-11-16_03-23-20,0,draft.py:2025-11-16_03-23-19
2025-11-16_03-24-18,0,draft.py:2025-11-16_03-24-18
2025-11-16_03-25-56,0,draft.py:2025-11-16_03-25-56
2025-11-16_03-26-49,0,draft.py:2025-11-16_03-26-49
2025-11-16_03-30-55,0,draft.py:2025-11-16_03-30-55
2025-11-16_03-34-39,0,draft.py:2025-11-16_03-34-39
2025-11-16_03-41-58,0,draft.py:2025-11-16_03-41-58
2025-11-16_03-43-18,0,draft.py:2025-11-16_03-43-18
2025-11-16_03-46-57,0,draft.py:2025-11-16_03-46-57
2025-11-16_03-46-57,0,draft.py:2025-11-16_03-46-57
2025-11-16_03-49-23,0,draft.py:2025-11-16_03-49-23
2025-11-16_03-52-40,0,draft.py:2025-11-16_03-52-40
2025-11-16_03-58-41,0,draft.py:2025-11-16_03-58-41
2025-11-16_04-05-24,0,draft.py:2025-11-16_04-05-24
2025-11-16_04-13-19,0,draft.py:2025-11-16_04-13-19
2025-11-16_04-19-33,0,draft.py:2025-11-16_04-19-33
2025-11-16_04-27-24,0,draft.py:2025-11-16_04-27-24
2025-11-16_04-32-05,0,draft.py:2025-11-16_04-32-05
2025-11-16_04-32-06,0,draft.py:2025-11-16_04-32-05
2025-11-16_04-32-06,0,draft.py:2025-11-16_04-32-05
2025-11-16_04-36-37,0,draft.py:2025-11-16_04-36-37
2025-11-16_04-41-14,0,draft.py:2025-11-16_04-41-14
2025-11-16_04-48-11,0,draft.py:2025-11-16_04-48-11
2025-11-16_04-51-04,0,draft.py:2025-11-16_04-51-04
2025-11-16_04-56-08,0,draft.py:2025-11-16_04-56-08
2025-11-16_04-59-56,0,draft.py:2025-11-16_04-59-56
2025-11-16_05-03-40,0,draft.py:2025-11-16_05-03-40
2025-11-16_05-03-41,0,draft.py:2025-11-16_05-03-40
2025-11-16_05-05-34,0,draft.py:2025-11-16_05-05-34
2025-11-16_05-06-38,0,draft.py:2025-11-16_05-06-38
2025-11-16_05-09-01,0,draft.py:2025-11-16_05-09-01
2025-11-16_12-14-59,0,draft.py:2025-11-16_05-09-01
2025-11-16_12-17-01,0,draft.py:2025-11-16_12-17-01
2025-11-16_12-18-55,0,draft.py:2025-11-16_12-18-55
2025-11-16_12-24-32,0,draft.py:2025-11-16_12-24-32
2025-11-16_12-24-54,0,draft.py:2025-11-16_12-24-54
2025-11-16_12-24-54,0,draft.py:2025-11-16_12-24-54
2025-11-16_12-27-24,0,draft.py:2025-11-16_12-27-24
2025-11-16_12-29-42,0,draft.py:2025-11-16_12-29-42
2025-11-16_12-29-43,0,draft.py:2025-11-16_12-29-42
2025-11-16_12-32-38,10,draft.py:2025-11-16_12-32-38
2025-11-16_12-32-47,100,draft.py:2025-11-16_12-32-47
2025-11-16_16-04-46,100,draft.py:2025-11-16_12-32-47
